City_ID,City,Country,Lat,Lng,Max Temp,Humidity,Cloudiness,Wind Speed,Current Description
0,Surat,IN,21.1667,72.8333,80.58,39,75,11.5,haze
1,Fairbanks,US,64.8378,-147.7164,-12.41,77,1,0.0,clear sky
2,Rikitea,PF,-23.1203,-134.9692,76.57,79,6,20.2,clear sky
3,Albany,US,42.6001,-73.9662,26.1,80,11,4.29,few clouds
4,Avarua,CK,-21.2078,-159.775,77.05,65,40,10.36,scattered clouds
5,Srandakan,ID,-7.9386,110.2506,83.89,68,100,8.41,overcast clouds
6,Puerto Ayora,EC,-0.7393,-90.3518,69.04,88,70,6.67,broken clouds
7,Bobrovytsya,UA,50.75,31.3833,38.66,72,100,22.68,overcast clouds
8,Mount Isa,AU,-20.7333,139.5,96.57,11,27,10.36,scattered clouds
9,Butaritari,KI,3.0707,172.7902,81.09,80,80,9.1,light rain
10,Doha,QA,25.2867,51.5333,71.58,78,0,8.05,clear sky
11,Port Alfred,ZA,-33.5906,26.891,65.25,88,100,14.85,light rain
12,Byron Bay,AU,-28.65,153.6167,71.55,97,100,8.25,light rain
13,Punta Arenas,CL,-53.15,-70.9167,46.51,87,75,13.8,light intensity shower rain
14,Cidreira,BR,-30.1811,-50.2056,70.21,67,16,14.7,few clouds
15,Kouroussa,GN,10.65,-9.8833,70.66,28,99,1.77,overcast clouds
16,Khatanga,RU,71.9667,102.5,-32.98,100,81,4.7,broken clouds
17,Hobart,AU,-42.8794,147.3294,83.01,47,20,4.0,few clouds
18,Ushuaia,AR,-54.8,-68.3,42.46,75,75,24.16,light intensity drizzle
19,Tarakan,ID,3.3,117.6333,87.3,79,20,2.3,few clouds
20,Sao Raimundo Das Mangabeiras,BR,-7.0219,-45.4811,71.8,96,98,6.04,overcast clouds
21,Minab,IR,27.1467,57.0801,67.5,56,0,4.03,clear sky
22,Lata,PT,40.1629,-8.3327,49.82,87,73,2.98,broken clouds
23,Cherskiy,RU,68.75,161.3,-11.36,99,100,4.38,light snow
24,Vardo,NO,70.3705,31.1107,16.0,79,97,22.5,overcast clouds
25,Mar Del Plata,AR,-38.0023,-57.5575,56.88,92,0,10.0,clear sky
26,Mataura,NZ,-46.1927,168.8643,61.48,53,77,7.11,broken clouds
27,Barrow,US,71.2906,-156.7887,-18.38,69,40,6.91,scattered clouds
28,Severo-Kurilsk,RU,50.6789,156.125,31.21,61,96,25.03,overcast clouds
29,Mogzon,RU,51.7435,111.9606,17.64,67,95,13.06,overcast clouds
30,Kapaa,US,22.0752,-159.319,80.58,82,75,3.0,light rain
31,Bredasdorp,ZA,-34.5322,20.0403,58.28,82,52,5.61,light rain
32,Meulaboh,ID,4.1363,96.1285,79.29,81,96,6.8,overcast clouds
33,Khromtau,KZ,50.2503,58.4347,16.05,75,41,7.63,scattered clouds
34,Raga,SS,8.4596,25.678,76.03,46,78,3.29,broken clouds
35,Kaitangata,NZ,-46.2817,169.8464,59.94,78,94,9.13,overcast clouds
36,Esperance,AU,-33.8667,121.9,66.04,53,67,13.24,broken clouds
37,Saskylakh,RU,71.9167,114.0833,-27.65,100,91,5.5,overcast clouds
38,Atuona,PF,-9.8,-139.0333,78.91,75,2,22.68,clear sky
39,Naze,JP,28.3667,129.4833,74.32,72,33,17.09,scattered clouds
40,Sorland,NO,67.667,12.6934,28.47,86,100,14.83,light snow
41,Marrakesh,MA,31.6315,-8.0083,44.67,70,0,3.44,clear sky
42,Flinders,AU,-34.5833,150.8552,76.28,74,100,11.41,light rain
43,Los Llanos De Aridane,ES,28.6585,-17.9182,60.55,83,75,11.5,broken clouds
44,Valparaiso,CL,-33.0393,-71.6273,52.72,93,0,3.44,clear sky
45,Nouadhibou,MR,20.931,-17.0347,64.85,58,4,20.83,clear sky
46,Hualmay,PE,-11.0964,-77.6139,65.01,88,52,7.54,broken clouds
47,Vao,NC,-22.6667,167.4833,76.77,87,7,15.39,clear sky
48,Waipawa,NZ,-41.4122,175.5153,60.46,81,100,5.44,heavy intensity rain
49,Tamiahua,MX,21.2667,-97.45,65.77,79,6,4.85,clear sky
50,Klaksvik,FO,62.2266,-6.589,34.72,83,100,7.85,light rain
51,Longyearbyen,SJ,78.2186,15.6401,10.24,61,20,16.11,few clouds
52,Palmer,US,42.1584,-72.3287,29.75,71,20,8.05,few clouds
53,Mabay,PH,6.0577,124.4666,83.41,79,60,5.79,moderate rain
54,Sibu,MY,2.3,111.8167,88.11,62,20,1.99,few clouds
55,Port Elizabeth,ZA,-33.918,25.5701,66.49,63,90,6.91,overcast clouds
56,Carnarvon,AU,-24.8667,113.6333,78.87,57,0,19.57,clear sky
57,Hermanus,ZA,-34.4187,19.2345,59.9,83,86,7.14,light rain
58,Batemans Bay,AU,-35.7167,150.1833,80.2,69,12,10.2,few clouds
59,Itanagar,IN,27.1,93.6167,70.43,35,35,4.68,scattered clouds
60,Tambo,PE,-14.8,-73.9167,36.81,73,54,1.14,broken clouds
61,Provideniya,RU,64.3833,-173.3,-4.65,65,2,8.95,clear sky
62,Dikson,RU,73.5069,80.5464,-12.62,96,100,12.33,overcast clouds
63,Sant Feliu De Guixols,ES,41.7833,3.0333,47.61,46,97,4.74,overcast clouds
64,Rabo De Peixe,PT,37.8,-25.5833,61.29,85,75,4.61,broken clouds
65,Zhangye,CN,38.9342,100.4517,34.93,15,45,6.67,scattered clouds
66,Airai,TL,-8.9266,125.4092,75.81,55,61,2.37,broken clouds
67,Moorhead,US,46.8739,-96.7676,39.94,79,1,5.01,clear sky
68,Bathsheba,BB,13.2167,-59.5167,79.41,83,40,14.97,scattered clouds
69,Sangar,RU,63.9242,127.4739,-14.04,95,100,3.53,overcast clouds
70,Bengkulu,ID,-3.8004,102.2655,78.89,78,100,10.78,overcast clouds
71,Castro,BR,-24.7911,-50.0119,60.48,81,77,4.56,broken clouds
72,Fortuna,US,40.5982,-124.1573,50.36,75,90,0.0,overcast clouds
73,Mogadishu,SO,2.0371,45.3438,78.67,83,0,6.91,clear sky
74,Puksoozero,RU,62.5903,40.6066,14.02,89,100,14.29,overcast clouds
75,Romilly-Sur-Seine,FR,48.5108,3.7263,38.19,87,98,17.18,overcast clouds
76,Agadir,MA,30.4202,-9.5982,45.05,46,0,6.73,clear sky
77,Qaanaaq,GL,77.484,-69.3632,9.0,65,100,2.37,overcast clouds
78,Menzelinsk,RU,55.7271,53.1026,34.84,78,100,19.86,light rain
79,Constitucion,CL,-35.3333,-72.4167,51.98,92,7,9.73,clear sky
80,Nikolskoye,RU,59.7035,30.7861,26.4,97,100,7.67,light snow
81,Kruisfontein,ZA,-34.0033,24.7314,62.89,62,13,7.58,few clouds
82,Joshimath,IN,30.5667,79.5667,65.64,10,27,2.51,scattered clouds
83,Mwandiga,TZ,-4.83,29.6581,71.31,86,97,5.23,moderate rain
84,Udachnyy,RU,66.4167,112.4,-35.23,100,60,3.69,broken clouds
85,Bluff,NZ,-46.6,168.3333,61.81,78,82,14.12,broken clouds
86,Atambua,ID,-9.1061,124.8925,86.07,56,56,2.3,broken clouds
87,Kodiak,US,57.79,-152.4072,31.51,80,90,18.41,haze
88,Smithers,CA,54.7804,-127.1743,30.52,93,90,4.61,snow
89,La Rioja,ES,42.25,-2.5,41.49,94,100,3.87,overcast clouds
90,Cascais,PT,38.6979,-9.4215,55.51,74,100,15.01,overcast clouds
91,Cape Town,ZA,-33.9258,18.4232,64.09,88,75,8.05,light rain
92,Lagoa,PT,39.05,-27.9833,60.37,68,26,9.91,scattered clouds
93,Puri,IN,19.8,85.85,75.38,46,29,9.98,scattered clouds
94,Marysville,US,48.0518,-122.1771,57.45,90,1,1.01,clear sky
95,Ponazyrevo,RU,58.3578,46.3142,35.04,98,100,13.49,light snow
96,Hithadhoo,MV,-0.6,73.0833,81.5,78,45,11.05,scattered clouds
97,Jamestown,US,42.097,-79.2353,33.39,86,90,8.05,overcast clouds
98,Warrnambool,AU,-38.3833,142.4833,83.8,57,6,13.06,clear sky
99,Cap-Aux-Meules,CA,47.3821,-61.8597,42.82,100,100,2.3,overcast clouds
100,Ossora,RU,59.2353,163.0719,8.83,81,100,4.85,overcast clouds
101,Necochea,AR,-38.5473,-58.7368,53.04,77,0,11.77,clear sky
102,Avera,US,33.194,-82.5271,42.67,40,19,5.44,few clouds
103,Yar-Sale,RU,66.8333,70.8333,1.15,95,100,8.84,overcast clouds
104,Belaya Gora,RU,68.5333,146.4167,-9.8,99,100,6.06,overcast clouds
105,Rio Gallegos,AR,-51.6226,-69.2181,51.85,54,0,6.91,clear sky
106,Yellowknife,CA,62.456,-114.3525,-18.58,82,1,1.99,clear sky
107,Alamosa,US,37.4695,-105.87,36.91,54,1,4.61,clear sky
108,Vestmanna,FO,62.1564,-7.1664,32.92,64,90,2.3,overcast clouds
109,Georgetown,MY,5.4112,100.3354,84.88,78,20,1.01,few clouds
110,Kribi,CM,2.95,9.9167,77.97,85,91,2.1,moderate rain
111,Sao Joao Da Barra,BR,-21.6403,-41.0511,74.25,94,59,10.74,broken clouds
112,Gorin,RU,51.1983,136.6669,14.11,91,98,5.86,overcast clouds
113,Kununurra,AU,-15.7667,128.7333,103.98,18,6,5.75,clear sky
114,Khani,GE,41.9563,42.9566,54.97,50,98,10.45,overcast clouds
115,Kurilsk,RU,45.2333,147.8833,42.08,81,99,7.05,overcast clouds
116,Kyren,RU,51.6828,102.1408,22.68,74,60,0.74,broken clouds
117,Ribeira Grande,PT,38.5167,-28.7,61.52,67,13,12.68,few clouds
118,Pachino,IT,36.7186,15.0907,37.44,59,19,26.22,few clouds
119,Buala,SB,-8.145,159.5921,84.16,72,80,3.36,light rain
120,Busselton,AU,-33.65,115.3333,70.45,40,42,10.4,scattered clouds
121,Lanzhou,CN,36.0564,103.7922,34.88,38,2,1.7,clear sky
122,East London,ZA,-33.0153,27.9116,67.14,94,90,11.5,light intensity drizzle
123,George,ZA,-33.963,22.4617,60.35,82,0,0.0,clear sky
124,Rocha,UY,-34.4833,-54.3333,62.82,93,99,17.52,overcast clouds
125,Soc Trang,VN,9.6033,105.98,75.16,87,100,8.03,overcast clouds
126,Inhambane,MZ,-23.865,35.3833,76.98,69,75,6.91,broken clouds
127,Norman Wells,CA,65.282,-126.8329,-36.36,67,20,2.3,few clouds
128,Chokurdakh,RU,70.6333,147.9167,-13.72,99,100,3.53,overcast clouds
129,Wexford,IE,52.3342,-6.4575,51.53,91,99,14.61,overcast clouds
130,Roebourne,AU,-20.7833,117.1333,99.95,28,0,18.99,clear sky
131,San Pedro,PH,14.35,121.0167,90.32,64,40,8.05,scattered clouds
132,Mount Gambier,AU,-37.8333,140.7667,91.31,14,88,12.66,overcast clouds
133,Victoria,HK,22.2855,114.1577,78.24,55,1,1.01,clear sky
134,Taoudenni,ML,22.6783,-3.9836,59.47,15,54,14.79,broken clouds
135,San Jose,US,37.3394,-121.895,63.95,66,1,1.01,clear sky
136,Ambon,ID,-3.6954,128.1814,87.94,70,40,9.22,light rain
137,Maragogi,BR,-9.0122,-35.2225,77.31,87,85,8.46,overcast clouds
138,Saldanha,ZA,-33.0117,17.9442,60.85,80,68,4.85,broken clouds
139,Saint-Pierre,RE,-21.3393,55.4781,82.56,69,0,16.11,clear sky
140,Orange,US,33.7,-117.7675,72.48,56,1,3.44,clear sky
141,Tuktoyaktuk,CA,69.4541,-133.0374,-18.4,76,40,13.8,scattered clouds
142,Danshui,CN,22.7984,114.4672,77.94,42,1,20.0,clear sky
143,Kahului,US,20.8947,-156.47,75.85,79,40,16.11,scattered clouds
144,Katsuura,JP,35.1333,140.3,63.19,58,99,18.86,overcast clouds
145,Kargil,IN,34.5667,76.1,17.69,48,100,1.41,overcast clouds
146,Yarmolyntsi,UA,49.1924,26.8373,34.47,70,100,17.85,overcast clouds
147,Port Lincoln,AU,-34.7333,135.8667,81.23,39,92,6.6,overcast clouds
148,Sabya,SA,17.1495,42.6254,76.62,58,1,2.24,clear sky
149,Thompson,CA,55.7435,-97.8558,17.76,79,90,18.41,light snow
150,Hilo,US,19.7297,-155.09,71.8,85,75,0.0,moderate rain
151,Vaini,TO,-21.2,-175.2,82.56,89,20,10.36,few clouds
152,Udala,ES,43.0778,-2.5125,46.78,99,100,2.48,overcast clouds
153,Pokhara,NP,28.2333,83.9833,65.57,54,100,5.14,overcast clouds
154,San Policarpo,PH,12.1791,125.5072,84.56,73,100,5.93,overcast clouds
155,La Ronge,CA,55.1001,-105.2842,16.05,79,1,5.75,clear sky
156,Rosarito,MX,32.3333,-117.0333,67.14,72,0,2.33,clear sky
157,Saint-Francois,FR,46.4154,3.9054,31.44,93,90,4.61,overcast clouds
158,Ishikawa,JP,26.4233,127.8214,79.12,76,40,17.27,scattered clouds
159,Mainz,DE,50.0,8.2711,39.58,84,1,11.5,light rain
160,Saint-Philippe,RE,-21.3585,55.7679,82.47,81,47,8.88,scattered clouds
161,Tasiilaq,GL,65.6145,-37.6368,6.55,92,87,5.57,overcast clouds
162,Chuy,UY,-33.6971,-53.4616,64.49,87,99,16.75,overcast clouds
163,Anloga,GH,5.7947,0.8973,75.42,80,70,9.44,broken clouds
164,Los Zacatones,MX,22.95,-102.05,60.64,68,59,14.92,broken clouds
165,Rawson,AR,-43.3002,-65.1023,60.1,57,0,9.89,clear sky
166,Waggaman,US,29.9185,-90.2109,55.4,64,1,0.0,clear sky
167,Pochutla,MX,15.7432,-96.4661,76.82,74,1,3.38,clear sky
168,Hof,DE,50.3167,11.9167,33.46,92,90,14.97,light snow
169,Brufut,GM,13.3814,-16.7518,71.69,46,0,5.75,clear sky
170,Kuytun,RU,54.3419,101.5036,24.91,92,99,5.91,overcast clouds
171,Ponta Do Sol,PT,32.6667,-17.1,62.71,70,37,3.74,scattered clouds
172,Turukhansk,RU,65.8167,87.9833,9.81,95,100,14.72,light snow
173,New Norfolk,AU,-42.7826,147.0587,82.65,26,5,3.0,clear sky
174,Zarubino,RU,42.63,131.0922,31.1,96,100,18.45,snow
175,Gat,IL,31.61,34.7642,71.4,32,33,6.42,scattered clouds
176,Sabha,LY,27.0377,14.4283,48.83,19,6,8.39,clear sky
177,Hofn,IS,64.2539,-15.2082,29.62,86,100,8.99,overcast clouds
178,Komsomolskiy,UZ,40.4272,71.7189,41.72,65,100,2.3,mist
179,Caravelas,BR,-17.7125,-39.2481,75.09,91,92,8.97,overcast clouds
180,Vila Velha,BR,-20.3297,-40.2925,78.75,88,20,10.0,few clouds
181,Souillac,MU,-20.5167,57.5167,83.35,69,20,6.91,few clouds
182,Comodoro Rivadavia,AR,-45.8667,-67.5,62.46,29,0,9.22,clear sky
183,Tiksi,RU,71.6872,128.8694,-20.56,99,98,5.91,overcast clouds
184,Westport,US,41.1415,-73.3579,34.75,72,1,1.01,clear sky
185,Ust-Tsilma,RU,65.441,52.1498,-13.27,100,87,2.89,overcast clouds
186,Cabedelo,BR,-6.9811,-34.8339,79.47,79,74,10.4,broken clouds
187,Saint Anthony,US,45.0205,-93.218,37.92,76,1,6.91,clear sky
188,Ndele,CF,8.4109,20.6473,73.54,51,60,2.86,broken clouds
189,Iaciara,BR,-14.0958,-46.6317,69.01,97,97,3.44,overcast clouds
190,Lasa,IT,46.6166,10.7002,29.28,93,51,6.91,broken clouds
191,San Quintin,MX,30.4833,-115.95,60.67,83,0,5.53,clear sky
192,Eyl,SO,7.9803,49.8164,79.3,62,22,18.97,few clouds
193,Inderka,RU,53.2485,46.2582,42.42,86,100,22.21,light rain
194,Kropotkin,RU,45.4375,40.5756,54.55,94,100,16.42,overcast clouds
195,Jati,PK,24.3539,68.2671,78.4,23,12,10.54,few clouds
196,Port Augusta,AU,-32.5,137.7667,92.71,14,71,4.9,broken clouds
197,Sao Miguel Do Araguaia,BR,-13.275,-50.1628,71.13,96,99,3.31,overcast clouds
198,Piacabucu,BR,-10.4056,-36.4344,78.67,84,95,11.45,overcast clouds
199,Cabo San Lucas,MX,22.8909,-109.9124,72.7,71,100,8.28,overcast clouds
200,Bambous Virieux,MU,-20.3428,57.7575,83.21,69,20,6.91,few clouds
201,Belmonte,BR,-15.8631,-38.8828,77.5,90,84,11.34,broken clouds
202,Kavieng,PG,-2.5744,150.7967,84.94,67,96,13.35,overcast clouds
203,Promyshlennaya,RU,54.9159,85.6385,14.95,84,99,7.31,overcast clouds
204,Oga,IT,46.4631,10.347,21.88,97,73,4.83,broken clouds
205,Coruripe,BR,-10.1256,-36.1756,78.82,83,98,13.82,overcast clouds
206,Perevolotskiy,RU,51.8763,54.1938,22.84,84,91,10.71,overcast clouds
207,Abu Kamal,SY,34.4506,40.9171,63.1,45,100,5.84,overcast clouds
208,Miles City,US,46.4083,-105.8406,47.37,61,90,9.22,overcast clouds
209,Portland,US,45.5234,-122.6762,55.9,96,90,1.01,fog
210,Mahebourg,MU,-20.4081,57.7,83.25,69,20,6.91,few clouds
211,Turmalina,BR,-17.2856,-42.73,66.87,97,75,1.77,broken clouds
212,Coihueco,CL,-36.6167,-71.8333,59.74,67,9,8.05,clear sky
213,Bull Savanna,JM,17.8868,-77.5902,72.19,79,100,6.02,overcast clouds
214,Kodinsk,RU,58.6881,99.1844,21.81,86,100,10.47,overcast clouds
215,Lahij,YE,13.1667,44.5833,73.18,66,0,3.04,clear sky
216,Lashma,RU,54.9321,41.1438,48.09,77,100,20.92,overcast clouds
217,Leh,IN,34.1667,77.5833,22.14,44,95,1.72,overcast clouds
218,Ostrovnoy,RU,68.0531,39.5131,15.82,89,100,7.11,overcast clouds
219,San Patricio,US,28.017,-97.5169,59.85,78,84,6.35,broken clouds
220,Ilulissat,GL,69.2167,-51.1,26.82,85,100,7.49,overcast clouds
221,Rundu,NA,-17.9333,19.7667,70.59,67,99,3.98,overcast clouds
222,Tuatapere,NZ,-46.1333,167.6833,61.83,68,72,7.85,broken clouds
223,Malakal,SS,9.5334,31.6605,81.18,49,25,2.13,scattered clouds
224,Evensk,RU,61.95,159.2333,14.41,95,100,5.99,light snow
225,Moose Factory,CA,51.2585,-80.6094,13.98,85,90,2.3,overcast clouds
226,Prince Rupert,CA,54.3161,-130.3201,46.09,90,90,12.66,moderate rain
227,Zheleznodorozhnyy,RU,55.7503,38.0042,45.95,86,100,21.9,light rain
228,Venado Tuerto,AR,-33.7456,-61.9688,60.78,50,0,4.34,clear sky
229,Pontes E Lacerda,BR,-15.2261,-59.3353,72.0,92,90,1.79,overcast clouds
230,Lebu,CL,-37.6167,-73.65,52.74,89,55,15.57,broken clouds
231,Bardiyah,LY,31.7561,25.0865,60.91,62,77,15.05,broken clouds
232,Mozarlandia,BR,-14.7447,-50.5706,72.57,94,100,5.64,overcast clouds
233,Christchurch,NZ,-43.5333,172.6333,68.92,62,27,4.0,scattered clouds
234,Tilichiki,RU,60.4667,166.1,18.61,94,100,3.67,overcast clouds
235,Mocajuba,BR,-2.5842,-49.5072,74.35,95,18,2.8,few clouds
236,Tupik,RU,54.4253,119.9327,4.08,74,97,1.99,overcast clouds
237,Richards Bay,ZA,-28.783,32.0377,76.1,73,90,13.31,overcast clouds
238,Bijar,IR,35.8668,47.6051,41.9,61,17,3.71,few clouds
239,Lompoc,US,34.6391,-120.4579,60.51,96,1,0.0,mist
240,Broken Hill,AU,-31.95,141.4333,82.11,36,40,10.36,scattered clouds
241,Namatanai,PG,-3.6667,152.4333,85.03,66,100,10.76,overcast clouds
242,Lorengau,PG,-2.0226,147.2712,83.93,77,100,8.03,overcast clouds
243,Plonsk,PL,52.6235,20.3755,35.11,91,43,13.2,scattered clouds
244,Isangel,VU,-19.55,169.2667,86.11,70,75,9.22,broken clouds
245,Xining,CN,36.6167,101.7667,28.8,28,20,2.59,few clouds
246,Saint George,US,37.1041,-113.5841,57.54,35,1,0.0,clear sky
247,Cap Malheureux,MU,-19.9842,57.6142,83.46,61,6,5.01,clear sky
248,Mitu,CO,1.1983,-70.1733,72.14,99,97,2.19,overcast clouds
249,Boshnyakovo,RU,49.6333,142.1667,24.42,63,98,5.95,overcast clouds
250,Luganville,VU,-15.5333,167.1667,83.35,75,87,5.03,moderate rain
251,Plouzane,FR,48.3833,-4.6167,48.25,93,20,5.75,few clouds
252,Point Pleasant,US,40.0832,-74.0682,35.24,66,1,5.75,clear sky
253,Tessalit,ML,20.1986,1.0114,67.24,29,2,9.51,clear sky
254,Gotsu,JP,35.0,132.2167,62.74,71,100,23.51,light rain
255,Shalinskoye,RU,55.7228,93.7594,27.79,73,99,12.12,overcast clouds
256,Jumla,NP,29.2747,82.1838,61.81,12,99,4.18,overcast clouds
257,Ismailia,EG,30.6043,32.2723,69.51,32,81,4.9,broken clouds
258,Alice Springs,AU,-23.7,133.8833,90.95,12,0,5.75,clear sky
259,Mfou,CM,3.7159,11.6427,67.89,97,99,1.48,overcast clouds
260,Hamilton,US,39.1834,-84.5333,41.88,48,75,1.01,broken clouds
261,Mattru,SL,7.6244,-11.8332,74.16,96,96,1.34,overcast clouds
262,Ancud,CL,-41.8697,-73.8203,49.53,89,12,2.1,few clouds
263,Demak,ID,-6.8909,110.6396,85.96,59,87,1.99,overcast clouds
264,Port Macquarie,AU,-31.4333,152.9167,71.56,74,100,10.13,moderate rain
265,Hobyo,SO,5.3505,48.5268,79.79,66,7,17.2,clear sky
266,Maldonado,UY,-34.6667,-54.9167,63.79,94,100,20.67,overcast clouds
267,Tual,ID,-5.6667,132.75,84.51,68,89,4.74,overcast clouds
268,Seoul,KR,37.5683,126.9778,49.57,90,90,10.36,mist
269,Bay Roberts,CA,47.5999,-53.2648,51.06,84,96,7.0,overcast clouds
270,Torbay,CA,47.6666,-52.7314,50.29,97,90,16.11,light intensity drizzle
271,Frutal,BR,-20.0247,-48.9406,72.45,91,100,5.14,light rain
272,Dafeng,CN,23.4517,108.5881,66.61,53,10,12.55,clear sky
273,Arraial Do Cabo,BR,-22.9661,-42.0278,73.96,93,18,23.2,few clouds
274,Kisangani,CD,0.5167,25.2,68.92,99,100,2.84,light rain
275,Geraldton,AU,-28.7667,114.6,79.21,47,6,17.27,clear sky
276,Huicheng,CN,23.0385,116.2899,73.35,45,1,20.83,clear sky
277,Blagoyevo,RU,63.3667,47.9167,8.24,84,99,11.68,overcast clouds
278,Tamugan,PH,7.2308,125.3764,85.44,69,82,3.78,broken clouds
279,Keti Bandar,PK,24.1447,67.4497,78.4,27,32,16.4,scattered clouds
280,Cockburn Town,TC,21.4612,-71.1419,79.25,73,97,10.56,overcast clouds
281,Arman,RU,59.7,150.1667,0.01,93,100,7.31,overcast clouds
282,Bend,US,44.0582,-121.3153,46.49,66,1,1.99,clear sky
283,Comarapa,BO,-17.9,-64.4833,55.15,98,99,1.97,overcast clouds
284,Dingle,PH,10.9995,122.6711,87.48,65,100,7.72,overcast clouds
285,Abrau-Dyurso,RU,44.69,37.59,54.86,86,100,19.93,overcast clouds
286,Scottsbluff,US,41.8666,-103.6672,48.81,50,1,4.0,clear sky
287,Srednekolymsk,RU,67.45,153.6833,-21.19,99,98,6.62,overcast clouds
288,Shitanjing,CN,39.2342,106.3439,28.06,27,0,1.9,clear sky
289,Mundo Nuevo,MX,18.7,-95.5,74.61,70,80,17.0,broken clouds
290,Clyde River,CA,70.4692,-68.5914,1.63,78,100,12.66,light snow
291,Dumas,US,35.8656,-101.9732,62.02,30,1,12.66,clear sky
292,Luanda,AO,-8.8368,13.2343,78.8,83,75,3.44,broken clouds
293,Pevek,RU,69.7008,170.3133,-9.13,99,67,4.0,broken clouds
294,Marsh Harbour,BS,26.5412,-77.0636,70.81,69,79,9.89,broken clouds
295,Sambava,MG,-14.2667,50.1667,80.51,65,30,8.28,scattered clouds
296,Kualakapuas,ID,-3.0091,114.3876,84.36,66,87,3.69,overcast clouds
297,Asyut,EG,27.181,31.1837,70.99,24,61,0.65,broken clouds
298,Port Blair,IN,11.6667,92.75,84.88,68,67,14.34,broken clouds
299,Bilibino,RU,68.0546,166.4372,-9.78,98,90,4.23,overcast clouds
300,Saint-Leu,RE,-21.15,55.2833,81.95,84,5,5.08,clear sky
301,Yumen,CN,40.2833,97.2,25.65,49,45,17.2,scattered clouds
302,Sao Sebastiao,BR,-23.76,-45.4097,75.38,89,100,5.41,overcast clouds
303,Deputatskiy,RU,69.3,139.9,-15.95,97,100,4.9,overcast clouds
304,Tlanchinol,MX,20.9833,-98.65,50.63,94,79,1.74,broken clouds
305,Enshi,CN,30.3,109.4833,56.46,53,1,1.77,clear sky
306,Bambanglipuro,ID,-7.95,110.2833,83.84,68,98,8.7,overcast clouds
307,Puerto Del Rosario,ES,28.5004,-13.8627,65.95,68,0,17.27,clear sky
308,Plettenberg Bay,ZA,-34.0527,23.3716,64.29,61,21,6.49,few clouds
309,Novyy Urgal,RU,51.0736,132.5642,8.04,82,97,0.98,overcast clouds
310,Aswan,EG,24.0934,32.907,75.11,28,22,8.57,few clouds
311,Oktyabrskiy,RU,54.4815,53.471,29.84,76,100,18.32,overcast clouds
312,Flin Flon,CA,54.7682,-101.865,12.56,77,6,9.91,clear sky
313,Nanpiao,CN,41.0982,120.7479,33.06,32,17,22.79,few clouds
314,Chulman,RU,56.8479,124.9104,-1.93,94,100,1.01,overcast clouds
315,Staryy Nadym,RU,65.6118,72.6842,0.19,97,95,8.34,overcast clouds
316,College,US,64.8569,-147.8028,-12.42,77,75,0.0,broken clouds
317,Takoradi,GH,4.8845,-1.7554,78.4,86,85,6.67,moderate rain
318,Sidi Ali,DZ,36.0998,0.4206,51.06,86,6,7.61,clear sky
319,Sogne,NO,58.0833,7.8167,41.7,83,84,15.35,broken clouds
320,Vanavara,RU,60.34,102.2797,4.14,96,100,7.96,snow
321,Sur,OM,22.5667,59.5289,76.42,61,0,5.1,clear sky
322,Kefamenanu,ID,-9.4467,124.4781,89.31,43,82,6.17,broken clouds
323,Burnie,AU,-41.0667,145.9167,63.37,65,3,7.25,clear sky
324,Half Moon Bay,US,37.4636,-122.4286,63.61,82,90,8.05,mist
325,Rincon,US,32.296,-81.2354,48.06,93,1,3.44,clear sky
326,Muzhi,RU,65.3667,64.6667,-2.4,88,27,6.73,scattered clouds
327,Jiayuguan,CN,39.8167,98.3,30.31,24,92,4.09,overcast clouds
328,Sao Filipe,CV,14.8961,-24.4956,74.55,69,100,11.72,overcast clouds
329,Atar,MR,20.5169,-13.0499,61.92,28,72,9.42,broken clouds
330,Tabuk,PH,17.4189,121.4443,81.34,78,80,12.82,broken clouds
331,Waitati,NZ,-45.75,170.5667,57.79,78,99,6.91,overcast clouds
332,Gigmoto,PH,13.7796,124.39,85.33,73,98,4.03,overcast clouds
333,Pineville,US,31.3224,-92.4343,48.49,85,1,3.44,clear sky
334,Paamiut,GL,61.994,-49.6678,31.91,99,100,14.05,snow
335,Leningradskiy,RU,69.3833,178.4167,-21.96,96,36,8.46,scattered clouds
336,Sobolevo,RU,54.4299,31.8996,29.82,89,100,22.3,light snow
337,Chernyshevskiy,RU,63.0128,112.4714,-14.98,100,94,1.03,overcast clouds
338,Brae,GB,60.3964,-1.353,37.31,57,100,14.63,overcast clouds
339,Sao Felix Do Xingu,BR,-6.6447,-51.995,71.8,99,100,1.41,overcast clouds
340,Karratha,AU,-20.7377,116.8463,95.32,39,0,19.13,clear sky
341,Constantine,DZ,36.365,6.6147,47.23,89,100,2.57,overcast clouds
342,Pisco,PE,-13.7,-76.2167,64.45,82,0,8.05,clear sky
343,Tiznit,MA,29.5833,-9.5,53.58,41,0,2.44,clear sky
344,Hasaki,JP,35.7333,140.8333,66.29,57,96,23.35,overcast clouds
345,Sinnamary,GF,5.3833,-52.95,77.74,88,54,7.2,broken clouds
346,Orikhiv,UA,47.5673,35.7858,39.83,79,80,10.83,broken clouds
347,Port Hedland,AU,-20.3167,118.5667,98.65,44,0,17.27,clear sky
348,Tadine,NC,-21.55,167.8833,81.3,74,32,9.33,scattered clouds
349,Awjilah,LY,29.1081,21.2869,56.3,29,9,9.62,clear sky
350,Quatre Cocos,MU,-20.2078,57.7625,83.08,64,12,11.03,few clouds
351,Kadoma,JP,34.7333,135.5833,69.78,48,75,6.91,broken clouds
352,Acapulco,MX,16.8634,-99.8901,77.05,80,0,4.29,clear sky
353,Haradok,BY,55.4624,29.9816,27.79,95,100,16.44,light snow
354,Rondonopolis,BR,-16.4708,-54.6356,73.71,93,100,2.73,overcast clouds
355,Bassar,TG,9.25,0.7833,71.67,43,40,2.84,scattered clouds
356,Impfondo,CG,1.6381,18.0667,68.95,91,96,2.13,overcast clouds
357,Kizukuri,JP,40.8061,140.3861,60.94,62,100,6.11,overcast clouds
358,Bubaque,GW,11.2833,-15.8333,82.36,61,63,2.26,broken clouds
359,Vila Franca Do Campo,PT,37.7167,-25.4333,61.2,76,84,5.68,broken clouds
360,Assiniboia,CA,49.6334,-105.9845,35.51,93,20,5.75,few clouds
361,Beringovskiy,RU,63.05,179.3167,0.79,97,94,6.2,overcast clouds
362,Barentu,ER,15.1139,37.5928,72.09,42,2,7.31,clear sky
363,Ballina,AU,-28.8667,153.5667,70.79,96,75,11.5,moderate rain
364,Brantford,CA,43.1334,-80.2664,31.14,83,89,2.42,overcast clouds
365,Lavrentiya,RU,65.5833,-171.0,-12.28,91,3,9.1,clear sky
366,Te Anau,NZ,-45.4167,167.7167,70.74,46,61,4.38,broken clouds
367,Eaglesfield,GB,54.6406,-3.4044,52.41,97,100,4.0,overcast clouds
368,Dakoro,NE,14.5106,6.765,67.12,16,55,11.01,broken clouds
369,Along,IN,28.1667,94.7667,75.34,33,51,0.78,broken clouds
370,Poing,DE,48.17,11.8186,33.03,89,100,11.01,light snow
371,Ovsyanka,RU,55.9575,92.5519,31.23,83,99,7.58,overcast clouds
372,San Carlos De Bariloche,AR,-41.1456,-71.3082,47.95,66,0,3.44,clear sky
373,Nazilli,TR,37.9163,28.3223,56.25,86,82,8.63,broken clouds
374,Pangnirtung,CA,66.1451,-65.7125,17.02,92,99,4.65,overcast clouds
375,Porto Walter,BR,-8.2686,-72.7439,71.65,99,99,4.05,moderate rain
376,Dwarka,IN,22.2394,68.9678,79.75,47,90,17.22,overcast clouds
377,Palanga,LT,55.9175,21.0686,35.62,64,75,8.05,broken clouds
378,Haines Junction,CA,60.7522,-137.5108,-11.25,77,100,1.14,overcast clouds
379,Coihaique,CL,-45.5752,-72.0662,48.81,76,0,4.61,clear sky
380,Cayenne,GF,4.9333,-52.3333,75.24,92,20,0.0,few clouds
381,La Palma,US,33.8464,-118.0467,75.49,75,1,0.0,clear sky
382,Nanortalik,GL,60.1432,-45.2371,33.3,98,100,9.91,light snow
383,Okhotsk,RU,59.3833,143.3,-10.34,88,13,15.05,few clouds
384,Laguna,US,38.421,-121.4238,61.34,90,1,4.61,clear sky
385,Ordubad,AZ,38.9059,46.0234,37.49,52,80,6.6,broken clouds
386,Oyama,JP,36.3,139.8,62.53,33,0,4.59,clear sky
387,Iberia,US,29.9502,-91.7507,48.97,93,1,0.0,clear sky
388,Kamsack,CA,51.5667,-101.9009,28.85,93,26,6.69,scattered clouds
389,Korsakov,RU,46.6328,142.7813,31.84,81,100,4.34,overcast clouds
390,Villa Bruzual,VE,9.3328,-69.1208,75.67,73,36,1.74,scattered clouds
391,Makakilo City,US,21.3469,-158.0858,77.32,64,1,9.22,clear sky
392,Sheregesh,RU,52.9209,87.9869,26.17,78,100,2.53,overcast clouds
393,Iquitos,PE,-3.7481,-73.2472,75.24,94,90,1.14,overcast clouds
394,Hambantota,LK,6.1241,81.1185,84.54,84,20,6.91,few clouds
395,Tezu,IN,27.9167,96.1667,78.78,30,62,3.36,broken clouds
396,Plastun,RU,44.7561,136.2939,33.17,70,100,4.56,light snow
397,Datong,CN,40.0936,113.2914,25.18,29,0,12.12,clear sky
398,Padang,ID,-0.9492,100.3543,77.05,72,72,5.32,light rain
399,Fuerte Olimpo,PY,-21.0415,-57.8738,67.3,93,75,2.93,broken clouds
400,Bahar,IR,34.9072,48.4414,33.96,80,0,4.61,clear sky
401,Gillette,US,44.2911,-105.5022,45.52,67,90,13.8,overcast clouds
402,Hohoe,GH,7.1518,0.4736,73.99,92,12,2.91,few clouds
403,Dongsheng,CN,39.8161,109.9776,22.73,31,0,12.84,clear sky
404,Catamarca,AR,-28.4696,-65.7852,71.49,42,0,13.8,clear sky
405,Bayan,CN,46.0833,127.4,18.75,77,100,8.34,overcast clouds
406,Touros,BR,-5.1989,-35.4608,79.7,77,56,11.12,broken clouds
407,Uarini,BR,-2.99,-65.1083,73.47,98,87,2.42,overcast clouds
408,Parthenay,FR,46.6667,-0.4167,28.38,89,28,7.29,scattered clouds
409,Vacaria,BR,-28.5122,-50.9339,57.72,74,93,7.94,overcast clouds
410,Tupelo,US,34.2576,-88.7034,43.09,60,1,3.0,clear sky
411,Salalah,OM,17.0151,54.0924,77.09,18,0,10.36,clear sky
412,Kedrovyy,RU,56.1667,91.8167,28.87,78,98,9.26,overcast clouds
413,Vila,PT,42.0304,-8.1588,36.48,94,99,2.82,overcast clouds
414,Mitsamiouli,KM,-11.3847,43.2844,82.69,65,20,3.44,light rain
415,Tomari,RU,47.7658,142.0683,32.41,68,96,3.31,overcast clouds
416,Ardahan,TR,41.1087,42.7022,37.63,86,89,4.12,light rain
417,Ubinskoye,RU,55.3068,79.6802,16.95,81,100,9.82,overcast clouds
418,Jatibonico,CU,21.9419,-79.17,65.91,77,84,5.28,broken clouds
419,Opuwo,NA,-18.0607,13.84,69.93,26,30,5.28,scattered clouds
420,Ketchikan,US,55.3422,-131.6461,43.27,87,90,13.8,light rain
421,Luderitz,NA,-26.6481,15.1594,61.52,73,3,9.91,clear sky
422,Cukai,MY,4.25,103.4167,87.94,65,73,6.46,broken clouds
423,Luwuk,ID,-0.9516,122.7875,86.72,65,96,3.2,light rain
424,Bandarbeyla,SO,9.4942,50.8122,79.29,65,8,19.33,clear sky
425,Cilegon,ID,-6.0174,106.0538,85.89,80,100,2.89,light rain
426,Omaruru,NA,-21.4333,15.9333,69.35,18,3,2.98,clear sky
427,Dodola,ET,6.9833,39.1833,53.19,49,36,4.36,scattered clouds
428,Viransehir,TR,37.2353,39.7631,56.19,60,100,6.85,overcast clouds
429,Takaungu,KE,-3.6837,39.8566,79.29,73,38,3.78,moderate rain
430,Ascension,US,30.2169,-90.9001,48.2,94,1,0.0,clear sky
431,Sumbe,AO,-11.2061,13.8437,76.75,88,100,2.84,light rain
432,Saint-Ambroise,CA,48.5501,-71.3324,22.82,98,81,0.34,broken clouds
433,Thoen,TH,17.6129,99.2161,81.55,51,77,4.03,broken clouds
434,Mayo,US,38.8876,-76.5119,37.96,72,1,1.01,clear sky
435,Upernavik,GL,72.7868,-56.1549,21.61,95,100,2.26,overcast clouds
436,Freeport,US,40.6576,-73.5832,34.97,63,1,1.99,clear sky
437,Barra Do Garcas,BR,-15.89,-52.2567,72.64,95,100,3.13,overcast clouds
438,Perote,MX,19.5667,-97.2333,47.79,90,97,3.09,overcast clouds
439,Wheatley,GB,51.7473,-1.1394,48.76,88,75,1.99,broken clouds
440,Sitka,US,57.0531,-135.33,37.29,87,90,9.22,light rain
441,Honningsvag,NO,70.9821,25.9704,20.95,73,30,25.32,scattered clouds
442,Raudeberg,NO,61.9875,5.1352,36.27,90,100,11.01,light snow
443,Le Port,RE,-20.9373,55.2919,84.16,87,9,1.21,clear sky
444,Ende,ID,-8.8432,121.6623,85.12,69,92,3.24,overcast clouds
445,Reconquista,AR,-29.15,-59.65,62.46,51,0,4.81,clear sky
446,Macau,MO,22.2006,113.5461,76.93,53,2,23.02,clear sky
447,San Jeronimo,PE,-11.9472,-75.2829,51.35,84,100,3.42,overcast clouds
448,La Mina,HN,15.3167,-87.8333,70.25,94,20,2.3,mist
449,Skotterud,NO,59.9828,12.1283,24.21,83,100,5.12,overcast clouds
450,Galyugayevskaya,RU,43.6969,44.9344,50.94,53,100,7.7,overcast clouds
451,Road Town,VG,18.4167,-64.6167,78.89,70,13,12.8,few clouds
452,Puerto Escondido,MX,15.85,-97.0667,77.83,73,1,0.0,clear sky
453,Wuchang,CN,44.9143,127.15,22.06,74,100,11.1,overcast clouds
454,Iskateley,RU,67.6803,53.1512,-5.51,100,68,2.93,broken clouds
455,Iqaluit,CA,63.7506,-68.5145,11.93,78,90,11.99,light snow
456,Dawlatabad,AF,36.4141,64.9053,62.2,29,14,3.22,few clouds
457,Chinsali,ZM,-10.5414,32.0816,72.88,58,64,3.96,broken clouds
458,Alofi,NU,-19.0595,-169.9187,80.49,57,21,13.8,few clouds
459,Narsaq,GL,60.9167,-46.05,33.01,99,100,7.87,snow
460,Prince Albert,CA,53.2001,-105.7677,19.35,86,1,3.44,clear sky
461,Nyurba,RU,63.2842,118.3319,-9.49,98,96,2.62,overcast clouds
462,Robertson,US,36.5167,-86.8667,44.46,44,40,9.22,scattered clouds
463,Kang,BW,-23.6752,22.7876,74.62,54,5,6.8,clear sky
464,Riyadh,SA,24.6877,46.7219,60.85,36,0,3.44,clear sky
465,Chhabra,IN,24.6667,76.8333,72.7,39,100,4.83,overcast clouds
466,Erzin,TR,36.9559,36.2,52.32,58,100,7.76,overcast clouds
467,Bairiki,KI,1.3292,172.9752,86.0,62,40,12.66,scattered clouds
468,Saint-Georges,GD,12.0564,-61.7485,78.48,78,20,8.05,few clouds
469,Chernyshevsk,RU,52.5243,117.0174,6.73,81,78,1.7,broken clouds
470,Najran,SA,17.4924,44.1277,52.45,40,0,0.74,clear sky
471,Diffa,NE,13.3154,12.6113,71.91,21,41,10.4,scattered clouds
472,Janakkala,FI,60.9,24.6,15.66,83,100,9.91,overcast clouds
473,Bethel,US,41.3712,-73.414,31.82,74,1,0.0,clear sky
474,Port-Gentil,GA,-0.7193,8.7815,78.93,84,100,11.63,moderate rain
475,Sindor,RU,62.8629,51.8905,4.68,91,99,10.07,overcast clouds
476,Birjand,IR,32.8663,59.2211,43.27,56,0,4.61,clear sky
477,Tottori,JP,35.5,134.2333,62.67,59,75,17.27,broken clouds
478,Kabanjahe,ID,3.1001,98.4908,72.34,68,90,7.92,overcast clouds
479,Azul,AR,-36.777,-59.8585,51.04,71,0,8.19,clear sky
480,Omsukchan,RU,62.5333,155.8,-17.05,98,100,4.34,overcast clouds
481,Jalu,LY,29.0331,21.5482,56.17,37,28,9.13,scattered clouds
482,Banikoara,BJ,11.2985,2.4386,69.35,18,64,5.01,broken clouds
483,Karaton,ID,-6.3424,106.1045,87.89,91,100,2.01,heavy intensity rain
484,Guerrero Negro,MX,27.9769,-114.0611,63.9,80,0,9.22,clear sky
485,Jiuquan,CN,39.7432,98.5174,31.77,25,88,4.74,overcast clouds
486,Oktyabrskoye,RU,43.0645,44.7417,44.74,71,100,4.47,overcast clouds
487,Myatlevo,RU,54.8969,35.6762,39.15,94,100,20.49,overcast clouds
488,Nagapattinam,IN,10.7667,79.8333,82.29,77,94,11.03,overcast clouds
489,Beyneu,KZ,45.3167,55.2,41.29,59,23,16.58,few clouds
490,Todos Santos,MX,23.45,-110.2167,77.0,78,100,8.39,overcast clouds
491,Coronel Fabriciano,BR,-19.5186,-42.6289,72.32,95,42,2.42,scattered clouds
492,Margate,GB,51.3813,1.3862,45.7,89,100,3.0,light rain
493,Pyaozerskiy,RU,65.8333,31.1667,17.67,84,100,13.44,overcast clouds
494,Hami,CN,42.8,93.45,29.98,48,15,3.74,few clouds
495,Kadhan,PK,24.481,68.9859,80.82,27,43,4.12,scattered clouds
496,Shakawe,BW,-18.3667,21.85,73.72,59,82,3.56,broken clouds
497,Salinopolis,BR,-0.6136,-47.3561,79.48,85,63,9.13,broken clouds
498,Santa Cruz,BO,-17.8,-63.1667,72.86,94,90,0.0,overcast clouds
499,Oranjemund,NA,-28.55,16.4333,61.99,86,6,5.41,clear sky
500,Aklavik,CA,68.2191,-135.0107,-22.97,98,91,3.02,overcast clouds
501,Thanyaburi,TH,14.0211,100.7343,83.91,49,20,8.05,few clouds
502,Pringsewu,ID,-5.3582,104.9744,82.54,79,95,4.38,overcast clouds
503,Barcelona,ES,41.3888,2.159,50.54,77,75,1.99,broken clouds
504,Emerald,AU,-23.5333,148.1667,72.99,82,90,0.0,light rain
505,Zhigansk,RU,66.7697,123.3711,-16.37,98,100,1.59,overcast clouds
506,Gushikawa,JP,26.3544,127.8686,78.39,76,40,17.27,scattered clouds
507,Viedma,AR,-40.8135,-62.9967,55.35,68,69,3.58,broken clouds
508,Neuquen,AR,-38.9516,-68.0591,62.49,55,0,0.0,clear sky
509,Barra Patuca,HN,15.8,-84.2833,74.59,77,100,8.52,overcast clouds
510,Goderich,CA,43.7501,-81.7165,32.92,80,100,6.91,overcast clouds
511,Carlisle,US,40.2015,-77.1889,38.84,88,46,4.92,scattered clouds
512,Qaqortoq,GL,60.7167,-46.0333,32.81,99,100,12.86,snow
513,Samarai,PG,-10.6167,150.6667,85.53,72,9,12.26,clear sky
514,Aripuana,BR,-9.1667,-60.6333,72.55,93,88,0.83,overcast clouds
515,Kieta,PG,-6.2167,155.6333,83.62,75,94,6.29,light rain
516,The Valley,AI,18.217,-63.0578,80.46,73,6,14.27,clear sky
517,Loubomo,CG,-4.1997,12.6739,71.65,97,100,2.1,overcast clouds
518,Peniche,PT,39.3558,-9.3811,55.62,80,81,3.6,broken clouds
519,Ust-Nera,RU,64.5667,143.2,-21.14,99,100,3.0,overcast clouds
520,Sharhorod,UA,48.7383,28.085,36.23,70,78,15.88,broken clouds
521,Bismil,TR,37.8486,40.6658,51.42,68,100,1.66,overcast clouds
522,Nelson Bay,AU,-32.7167,152.15,70.75,88,100,1.99,overcast clouds
523,Balkanabat,TM,39.5108,54.3671,59.49,39,0,7.87,clear sky
524,Dudinka,RU,69.4058,86.1778,-11.38,94,100,7.78,overcast clouds
525,Tateyama,JP,34.9833,139.8667,64.67,56,92,19.69,overcast clouds
526,Vitim,RU,59.4511,112.5578,3.22,92,100,7.43,overcast clouds
527,Naron,ES,43.5167,-8.1528,52.68,89,100,4.68,overcast clouds
528,Panama City,PA,8.9936,-79.5197,82.06,86,90,5.75,overcast clouds
529,Tura,IN,25.5198,90.2201,76.53,44,73,1.54,broken clouds
530,Mabaruma,GY,8.2,-59.7833,73.17,98,89,2.28,overcast clouds
531,Noumea,NC,-22.2763,166.4572,86.0,99,53,15.68,broken clouds
532,Baruun-Urt,MN,46.6806,113.2792,20.23,54,12,15.19,few clouds
533,Williston,US,48.147,-103.618,37.31,81,52,6.53,broken clouds
534,Sioux Lookout,CA,50.1001,-91.917,28.47,93,90,5.75,light snow
535,Hovd,MN,48.0056,91.6419,23.77,32,4,0.36,clear sky
536,Guanica,PR,17.9716,-66.908,79.92,84,36,5.41,scattered clouds
537,Xiangxiang,CN,27.7333,112.5333,59.49,24,0,12.01,clear sky
538,Ahuimanu,US,21.4447,-157.8378,78.51,67,40,13.8,scattered clouds
539,Fort Nelson,CA,58.8053,-122.7002,2.79,78,90,9.22,light snow
540,Shankargarh,IN,25.1833,81.6167,73.24,38,58,3.42,broken clouds
541,Adrar,MR,20.5022,-10.0711,58.48,32,81,11.59,broken clouds
542,Timra,SE,62.487,17.3257,17.67,80,40,9.22,scattered clouds
543,Marawi,PH,7.9986,124.2928,76.64,77,74,6.44,broken clouds
544,Nehe,CN,48.4833,124.8333,17.91,69,7,5.68,clear sky
545,Chapais,CA,49.7834,-74.8492,10.18,99,94,2.19,overcast clouds
546,Superior,US,46.7208,-92.1041,30.7,90,1,5.75,mist
547,Grand Gaube,MU,-20.0064,57.6608,82.38,62,7,8.99,clear sky
548,Polyarnyy,RU,69.1989,33.4478,-3.53,82,96,10.63,overcast clouds
549,Muroto,JP,33.2833,134.15,64.44,69,74,23.91,broken clouds
550,Solenzo,BF,12.1833,-4.0833,72.82,17,40,4.12,scattered clouds
551,Fuyu,CN,45.1833,124.8167,22.12,78,90,10.22,overcast clouds
552,Lima,PE,-12.0432,-77.0282,65.89,80,40,11.5,scattered clouds
553,Tigil,RU,57.8,158.6667,18.3,96,100,9.06,light snow
554,Katubao,PH,5.8892,124.8294,84.18,77,77,4.85,broken clouds
555,Vestmannaeyjar,IS,63.4427,-20.2734,36.27,88,100,25.99,overcast clouds
556,Nuuk,GL,64.1835,-51.7216,32.88,100,100,44.0,snow
557,Goundam,ML,16.4145,-3.6708,70.23,25,32,10.16,scattered clouds
558,Dahegam,IN,23.1667,72.8167,73.17,33,100,13.38,overcast clouds
559,Aktau,KZ,43.65,51.2,43.38,91,71,18.23,broken clouds
560,Angoche,MZ,-16.2325,39.9086,80.4,66,4,3.13,clear sky
561,Asfi,MA,32.2994,-9.2372,57.11,82,0,10.02,clear sky
562,San Andres,CO,12.5847,-81.7006,82.42,78,75,12.66,broken clouds
563,Huancabamba,PE,-5.2386,-79.4506,58.87,92,100,2.8,moderate rain
564,Birzai,LT,56.2,24.75,28.56,94,100,20.0,light snow
565,Sorong,ID,-0.8833,131.25,84.11,74,88,5.26,moderate rain
566,Puerto Leguizamo,CO,-0.1934,-74.7819,71.64,100,99,1.79,light rain
567,Altamira,BR,-3.2033,-52.2064,73.09,95,77,2.89,broken clouds
568,Nome,US,64.5011,-165.4064,-2.13,50,1,24.16,clear sky
569,Grindavik,IS,63.8424,-22.4338,34.27,93,75,16.11,broken clouds
570,Codrington,AU,-38.2667,141.9667,76.57,36,11,12.37,few clouds
571,Jishou,CN,28.3167,109.7167,60.76,55,5,2.57,clear sky
572,Bose,IT,45.4612,8.0137,35.22,41,1,5.73,clear sky
573,Sistranda,NO,63.7256,8.834,25.9,61,100,8.52,light snow
574,Payson,US,40.0444,-111.7321,46.4,64,1,5.99,clear sky
575,Monrovia,LR,6.3005,-10.7969,78.51,82,93,5.5,light rain
576,Olafsvik,IS,64.8945,-23.7142,31.44,89,100,11.63,light snow
577,Kassala,SD,15.451,36.4,78.39,40,1,7.7,clear sky
578,Henties Bay,NA,-22.116,14.2845,58.86,93,0,7.02,clear sky
579,Itacoatiara,BR,-3.1431,-58.4442,76.42,89,97,2.06,overcast clouds
580,Sabang,ID,5.8933,95.3214,76.68,94,100,20.42,moderate rain
581,Cairns,AU,-16.9167,145.7667,91.06,74,75,10.36,broken clouds
582,Alta Gracia,AR,-31.6529,-64.4283,63.72,49,0,3.83,clear sky
583,North Bend,US,43.4065,-124.2243,55.08,100,90,5.75,fog
584,Chicama,PE,-7.8447,-79.1469,61.34,84,99,4.45,overcast clouds
585,Maridi,SS,4.9158,29.4742,72.25,79,89,3.24,overcast clouds
586,Nampula,MZ,-15.1165,39.2666,73.35,83,20,6.91,few clouds
587,Dalbandin,PK,28.8947,64.4101,68.22,19,4,1.57,clear sky
588,Bac Lieu,VN,9.285,105.7244,81.5,81,100,11.12,moderate rain
589,Keningau,MY,5.3378,116.1602,80.74,63,100,4.27,overcast clouds
590,Sompeta,IN,18.9333,84.6,77.2,49,30,8.41,scattered clouds
591,Oistins,BB,13.0667,-59.5333,78.89,83,40,14.97,scattered clouds
592,Sept-Iles,CA,50.2001,-66.3821,27.12,64,75,5.01,broken clouds
593,Pervomayskiy,RU,53.2485,40.2871,44.13,74,100,25.01,overcast clouds
594,Honiara,SB,-9.4333,159.95,85.59,69,70,5.21,heavy intensity rain
595,Elliot,ZA,-31.3333,27.85,67.55,33,83,4.5,broken clouds
596,Asau,RO,46.4333,26.4,36.95,61,100,2.98,overcast clouds
597,Wanning,CN,18.8003,110.3967,78.78,57,42,18.86,scattered clouds
598,Zapolyarnyy,RU,69.4154,30.8136,4.28,86,91,8.57,overcast clouds
599,Lakes Entrance,AU,-37.8811,147.981,83.57,65,0,10.89,clear sky
600,Porto Belo,BR,-27.1578,-48.5531,73.38,67,8,7.4,clear sky
601,Menongue,AO,-14.6585,17.691,63.81,92,99,4.43,overcast clouds
602,Zutphen,NL,52.1383,6.2014,47.07,93,100,19.66,overcast clouds
603,Watsa,CD,3.0372,29.5355,66.51,88,95,1.3,overcast clouds
604,Steinbach,DE,50.1667,8.5667,38.57,81,40,14.97,light rain and snow
605,Cedar City,US,37.6775,-113.0619,44.4,39,1,3.44,clear sky
606,Sheridan,US,44.8333,-106.9173,44.78,84,90,1.01,overcast clouds
607,Changji,CN,44.0167,87.3167,20.19,79,3,2.24,mist
608,Puntarenas,CR,9.9763,-84.8384,80.53,83,100,1.34,overcast clouds
609,Malanje,AO,-9.5402,16.341,63.72,98,100,2.21,overcast clouds
610,Bom Jesus,BR,-9.0744,-44.3586,71.13,96,98,0.38,overcast clouds
611,Trairi,BR,-3.2778,-39.2689,79.9,79,36,9.51,scattered clouds
612,Leninsk,RU,48.7119,45.1994,46.26,89,100,18.45,light rain
613,Snezhnogorsk,RU,69.1933,33.2531,-4.22,88,96,8.99,overcast clouds
614,Crossville,US,35.949,-85.0269,36.52,61,1,5.01,clear sky
615,Buraydah,SA,26.326,43.975,48.65,23,25,3.71,scattered clouds
616,Novoagansk,RU,61.9449,76.6625,25.61,95,100,13.73,light snow
617,Beira,MZ,-19.8436,34.8389,71.69,78,40,1.99,scattered clouds
618,Sakaiminato,JP,35.55,133.2333,64.38,52,75,10.36,broken clouds
619,Weatherford,US,32.7593,-97.7972,58.3,62,0,10.4,clear sky
620,Loreto,MX,22.2667,-101.9667,57.99,62,75,7.72,broken clouds
621,Lengshuitan,CN,26.4111,111.5956,58.98,30,23,11.65,few clouds
622,Watertown,US,42.3709,-71.1828,30.42,61,1,4.0,clear sky
623,Xuddur,SO,4.1213,43.8894,75.49,55,48,20.31,scattered clouds
624,Yulara,AU,-25.2406,130.9889,96.64,9,0,13.8,clear sky
625,Abnub,EG,27.2696,31.1511,70.9,23,67,0.96,broken clouds
626,Ketou,BJ,7.3633,2.5998,74.19,93,31,1.61,scattered clouds
627,Zolotukhino,RU,52.0842,36.3772,37.47,66,100,26.42,overcast clouds
628,Tamandare,BR,-8.7597,-35.1047,77.77,85,88,8.39,overcast clouds
629,Havelock,US,34.8791,-76.9013,40.93,100,1,4.61,clear sky
630,Chamba,IN,32.5667,76.1333,70.03,15,41,3.8,scattered clouds
631,Toktogul,KG,41.8708,72.9402,38.37,45,99,1.52,overcast clouds
632,Nang Rong,TH,14.6377,102.7914,79.21,70,97,16.87,overcast clouds
633,Mercedes,AR,-34.6515,-59.4307,63.01,74,0,5.23,clear sky
634,Princeton,US,25.5384,-80.4089,66.99,79,1,0.0,clear sky
635,Cuauhtemoc,MX,28.4167,-106.8667,53.35,63,90,4.45,overcast clouds
636,Galway,IE,53.2719,-9.0489,49.95,87,97,16.53,overcast clouds
637,Lokossa,BJ,6.6387,1.7167,74.8,95,27,2.26,light rain
638,Rio Grande,BR,-32.035,-52.0986,66.83,81,100,21.59,overcast clouds
639,Baykalovo,RU,57.3981,63.7684,31.68,95,100,7.99,overcast clouds
640,Deer Lake,CA,49.1667,-57.4316,39.06,93,90,12.66,overcast clouds
641,Rudnogorsk,RU,57.2639,103.7519,16.97,90,100,6.98,overcast clouds
642,Mishan,CN,45.55,131.8833,20.79,94,100,6.44,heavy snow
643,Batavia,US,41.85,-88.3126,38.75,72,1,1.99,clear sky
644,Whitehorse,CA,60.7161,-135.0538,2.17,85,75,5.75,broken clouds
645,Mont-Dore,NC,-22.2833,166.5833,86.0,99,46,13.27,scattered clouds
646,Faanui,PF,-16.4833,-151.75,80.58,80,100,17.76,moderate rain
647,Moroni,KM,-11.7022,43.2551,82.4,65,20,3.44,light rain
648,Rajapur,IN,25.3833,81.15,73.4,38,82,4.61,broken clouds
649,Tete,MZ,-16.1564,33.5867,74.97,51,24,5.39,few clouds
650,Kattivakkam,IN,13.2167,80.3167,86.09,84,62,12.26,broken clouds
651,La Ligua,CL,-32.4524,-71.2311,47.98,72,0,0.67,clear sky
652,Muravlenko,RU,63.7898,74.523,-3.69,95,85,12.95,overcast clouds
653,Qasigiannguit,GL,68.8193,-51.1922,23.63,84,99,6.89,overcast clouds
654,Andenes,NO,69.3143,16.1194,26.58,68,0,17.27,clear sky
655,Rehoboth,NA,-23.3167,17.0833,64.38,25,0,0.49,clear sky
656,Camana,PE,-16.6228,-72.7111,65.57,85,68,7.07,broken clouds
657,Nassau,US,40.7507,-73.5829,34.7,64,1,3.44,clear sky
658,Urengoy,RU,65.9667,78.3667,-4.58,97,96,10.13,overcast clouds
659,Erechim,BR,-27.6342,-52.2739,59.32,79,48,3.02,scattered clouds
660,Port Hardy,CA,50.6996,-127.4199,48.38,93,90,2.3,light intensity shower rain
661,Hessisch Oldendorf,DE,52.1667,9.25,37.85,92,90,18.41,light intensity drizzle
662,Manzanillo,CU,20.3433,-77.1167,68.72,91,81,7.63,broken clouds
663,North Branch,US,45.5113,-92.9802,38.07,83,62,5.32,broken clouds
664,Seminole,US,28.7086,-81.2081,55.76,86,1,5.75,clear sky
665,Natitingou,BJ,10.3042,1.3796,68.79,21,51,4.21,broken clouds
666,Akhtyrskiy,RU,44.8546,38.3031,56.77,83,100,18.34,overcast clouds
667,Tazovskiy,RU,67.4667,78.7,-5.58,96,100,10.07,overcast clouds
668,Mweka,CD,-4.85,21.5667,68.16,96,100,0.81,overcast clouds
669,Martapura,ID,-3.4167,114.85,86.09,70,40,10.36,scattered clouds
670,Yerbogachen,RU,61.2767,108.0108,-8.39,92,86,5.64,overcast clouds
671,Namibe,AO,-15.1961,12.1522,70.59,70,12,1.59,few clouds
672,Zhezkazgan,KZ,47.8043,67.7144,25.34,74,99,1.25,overcast clouds
673,Pozo Colorado,PY,-23.4923,-58.7972,65.97,62,1,4.32,clear sky
674,Talnakh,RU,69.4865,88.3972,-11.79,92,100,0.54,overcast clouds
675,Boysun,UZ,38.2061,67.1986,54.61,29,96,1.81,overcast clouds
676,Qeshm,IR,26.9581,56.2719,73.27,62,0,6.89,clear sky
677,Mamallapuram,IN,12.6264,80.1722,86.05,76,51,11.43,broken clouds
678,Kilindoni,TZ,-7.9139,39.6668,80.2,79,28,6.44,moderate rain
679,Hinundayan,PH,10.3523,125.2506,83.35,76,97,7.76,overcast clouds
680,Bocana De Paiwas,NI,12.7857,-85.1227,70.02,87,100,10.16,overcast clouds
681,Pontal Do Parana,BR,-25.6533,-48.5128,80.26,84,89,5.84,overcast clouds
682,Anito,PH,12.4497,125.2886,85.03,73,100,5.06,overcast clouds
683,Toshkivka,UA,48.7791,38.579,49.37,80,98,15.7,overcast clouds
684,Chiang Mai,TH,18.75,99.0,86.72,51,20,6.91,few clouds
685,Carballo,ES,43.213,-8.691,51.55,92,100,2.68,overcast clouds
686,Coahuayana,MX,18.7333,-103.6833,72.59,77,42,4.0,scattered clouds
687,Katherine,AU,-14.4667,132.2667,102.52,15,40,13.8,scattered clouds
688,Motygino,RU,58.1831,94.7592,21.76,85,100,11.48,overcast clouds
